"";"OTU";"Sample";"Abundance";"names";"host_species";"gut_section";"region";"location";"year";"month";"day";"sample_lab";"Time";"SL..mm.";"FL..mm.";"TW..g.";"GW..g.";"Sex";"Sample_or_Control";"input";"filtered";"denoisedF";"denoisedR";"merged";"nochim";"perc_reads_retained";"Kingdom";"Phylum";"Class";"Order"
"1";"ASV_4";"568_4";0,618787624247515;"568_4";"Pomacanthus sexstriatus";"IV";"Great Barrier Reef";"South Island South";2014;12;12;"S246";"15:30";236;285;654,3;52,5;"M";"Sample";52502;25983;25713;25724;24787;24522;46,7067921222049;"Bacteria";"Pseudomonadota";"GammaPseudomonadota";"Pseudomonadales"
"2";"ASV_4";"E3_4";0,600392047045646;"E3_4";"Pomacanthus sexstriatus";"IV";"Great Barrier Reef";"Tuttle Beach";2011;3;18;"S144";"15:45";NA;NA;NA;308;"M";"Sample";38381;7645;7366;7375;7155;7142;18,608165498554;"Bacteria";"Pseudomonadota";"GammaPseudomonadota";"Pseudomonadales"
"3";"ASV_16";"E2_5";0,524166195590729;"E2_5";"Pomacanthus sexstriatus";"V";"Great Barrier Reef";"North Direction Island";2011;3;18;"S143";"10:30";NA;NA;NA;575;"F";"Sample";79090;37948;37479;37517;36730;36657;46,3484637754457;"Bacteria";"Bacteroidota";"Bacteroidia";"Bacteroidales"
"4";"ASV_4";"E2_4";0,460252808988764;"E2_4";"Pomacanthus sexstriatus";"IV";"Great Barrier Reef";"North Direction Island";2011;3;18;"S142";"10:30";NA;NA;NA;575;"F";"Sample";87227;40995;40583;40479;39686;39332;45,0915427562567;"Bacteria";"Pseudomonadota";"GammaPseudomonadota";"Pseudomonadales"
"5";"ASV_2";"E1_4";0,456494325346784;"E1_4";"Pomacanthus sexstriatus";"IV";"Great Barrier Reef";"North Direction Island";2011;3;18;"S140";"09:40";NA;NA;NA;1262;"M";"Sample";84311;45242;45120;45137;44201;43946;52,1236849284198;"Bacteria";"Bacillota";"Clostridia";"Peptostreptococcales-Tissierellales"
"6";"ASV_16";"581_5";0,37615988579586;"581_5";"Pomacanthus sexstriatus";"V";"Great Barrier Reef";"Palfrey Island North";2014;12;14;"S247";"16:45";190;235;381,1;308,6;"F";"Sample";35144;17699;17222;17193;16071;15963;45,42169360346;"Bacteria";"Bacteroidota";"Bacteroidia";"Bacteroidales"
"7";"ASV_16";"E3_5";0,373680506685433;"E3_5";"Pomacanthus sexstriatus";"V";"Great Barrier Reef";"Tuttle Beach";2011;3;18;"S145";"15:45";NA;NA;NA;308;"M";"Sample";53784;24444;23915;23878;22883;22812;42,4141008478358;"Bacteria";"Bacteroidota";"Bacteroidia";"Bacteroidales"
"8";"ASV_16";"E05_5";0,336750456396574;"E05_5";"Pomacanthus sexstriatus";"V";"Great Barrier Reef";"Granite Bluffs";2005;3;22;"S147";"09:00";NA;NA;NA;656;"";"Sample";107092;47810;47106;47221;45847;45378;42,3729130093751;"Bacteria";"Bacteroidota";"Bacteroidia";"Bacteroidales"
"9";"ASV_16";"E1_5";0,3351153629713;"E1_5";"Pomacanthus sexstriatus";"V";"Great Barrier Reef";"North Direction Island";2011;3;18;"S141";"09:40";NA;NA;NA;1262;"M";"Sample";60904;28698;28310;28291;27674;27425;45,0298830947064;"Bacteria";"Bacteroidota";"Bacteroidia";"Bacteroidales"
"10";"ASV_16";"611_5";0,3242518351214;"611_5";"Pomacanthus sexstriatus";"V";"Great Barrier Reef";"Between South Island and Palfrey Island";2014;12;18;"S248";"09:45";210;256;493;391,5;"M";"Sample";30511;15091;14673;14708;13943;13898;45,5507849628003;"Bacteria";"Bacteroidota";"Bacteroidia";"Bacteroidales"
"11";"ASV_4";"E05_5";0,314562561438;"E05_5";"Pomacanthus sexstriatus";"V";"Great Barrier Reef";"Granite Bluffs";2005;3;22;"S147";"09:00";NA;NA;NA;656;"";"Sample";107092;47810;47106;47221;45847;45378;42,3729130093751;"Bacteria";"Pseudomonadota";"GammaPseudomonadota";"Pseudomonadales"
"12";"ASV_4";"568_5";0,311855305920588;"568_5";"Pomacanthus sexstriatus";"V";"Great Barrier Reef";"Between Bird Islet and South Island";2014;12;12;"S346";"15:30";236;285;654,3;52,5;"M";"Sample";38610;18739;18165;18254;17389;17305;44,8199948199948;"Bacteria";"Pseudomonadota";"GammaPseudomonadota";"Pseudomonadales"
"13";"ASV_4";"E1_5";0,295019696117051;"E1_5";"Pomacanthus sexstriatus";"V";"Great Barrier Reef";"North Direction Island";2011;3;18;"S141";"09:40";NA;NA;NA;1262;"M";"Sample";60904;28698;28310;28291;27674;27425;45,0298830947064;"Bacteria";"Pseudomonadota";"GammaPseudomonadota";"Pseudomonadales"
"14";"ASV_4";"611_5";0,2871259175607;"611_5";"Pomacanthus sexstriatus";"V";"Great Barrier Reef";"Between South Island and Palfrey Island";2014;12;18;"S248";"09:45";210;256;493;391,5;"M";"Sample";30511;15091;14673;14708;13943;13898;45,5507849628003;"Bacteria";"Pseudomonadota";"GammaPseudomonadota";"Pseudomonadales"
"15";"ASV_4";"E3_5";0,282758620689655;"E3_5";"Pomacanthus sexstriatus";"V";"Great Barrier Reef";"Tuttle Beach";2011;3;18;"S145";"15:45";NA;NA;NA;308;"M";"Sample";53784;24444;23915;23878;22883;22812;42,4141008478358;"Bacteria";"Pseudomonadota";"GammaPseudomonadota";"Pseudomonadales"
"16";"ASV_1";"E1_4";0,273644388398487;"E1_4";"Pomacanthus sexstriatus";"IV";"Great Barrier Reef";"North Direction Island";2011;3;18;"S140";"09:40";NA;NA;NA;1262;"M";"Sample";84311;45242;45120;45137;44201;43946;52,1236849284198;"Bacteria";"Bacteroidota";"Bacteroidia";"Cytophagales"
"17";"ASV_1";"568_4";0,270614587708246;"568_4";"Pomacanthus sexstriatus";"IV";"Great Barrier Reef";"South Island South";2014;12;12;"S246";"15:30";236;285;654,3;52,5;"M";"Sample";52502;25983;25713;25724;24787;24522;46,7067921222049;"Bacteria";"Bacteroidota";"Bacteroidia";"Cytophagales"
"18";"ASV_16";"568_5";0,268757948283171;"568_5";"Pomacanthus sexstriatus";"V";"Great Barrier Reef";"Between Bird Islet and South Island";2014;12;12;"S346";"15:30";236;285;654,3;52,5;"M";"Sample";38610;18739;18165;18254;17389;17305;44,8199948199948;"Bacteria";"Bacteroidota";"Bacteroidia";"Bacteroidales"
"19";"ASV_4";"581_5";0,146752319771592;"581_5";"Pomacanthus sexstriatus";"V";"Great Barrier Reef";"Palfrey Island North";2014;12;14;"S247";"16:45";190;235;381,1;308,6;"F";"Sample";35144;17699;17222;17193;16071;15963;45,42169360346;"Bacteria";"Pseudomonadota";"GammaPseudomonadota";"Pseudomonadales"
"20";"ASV_1";"E3_4";0,139456734808177;"E3_4";"Pomacanthus sexstriatus";"IV";"Great Barrier Reef";"Tuttle Beach";2011;3;18;"S144";"15:45";NA;NA;NA;308;"M";"Sample";38381;7645;7366;7375;7155;7142;18,608165498554;"Bacteria";"Bacteroidota";"Bacteroidia";"Cytophagales"
"21";"ASV_12";"581_5";0,137615988579586;"581_5";"Pomacanthus sexstriatus";"V";"Great Barrier Reef";"Palfrey Island North";2014;12;14;"S247";"16:45";190;235;381,1;308,6;"F";"Sample";35144;17699;17222;17193;16071;15963;45,42169360346;"Bacteria";"Desulfobacterota";"Desulfovibrionia";"Desulfovibrionales"
"22";"ASV_9";"E2_4";0,115589887640449;"E2_4";"Pomacanthus sexstriatus";"IV";"Great Barrier Reef";"North Direction Island";2011;3;18;"S142";"10:30";NA;NA;NA;575;"F";"Sample";87227;40995;40583;40479;39686;39332;45,0915427562567;"Bacteria";"Bacillota";"Clostridia";"Lachnospirales"
"23";"ASV_16";"E2_4";0,103370786516854;"E2_4";"Pomacanthus sexstriatus";"IV";"Great Barrier Reef";"North Direction Island";2011;3;18;"S142";"10:30";NA;NA;NA;575;"F";"Sample";87227;40995;40583;40479;39686;39332;45,0915427562567;"Bacteria";"Bacteroidota";"Bacteroidia";"Bacteroidales"
"24";"ASV_12";"E2_5";0,102176370830978;"E2_5";"Pomacanthus sexstriatus";"V";"Great Barrier Reef";"North Direction Island";2011;3;18;"S143";"10:30";NA;NA;NA;575;"F";"Sample";79090;37948;37479;37517;36730;36657;46,3484637754457;"Bacteria";"Desulfobacterota";"Desulfovibrionia";"Desulfovibrionales"
"25";"ASV_11";"E1_4";0,092335715286535;"E1_4";"Pomacanthus sexstriatus";"IV";"Great Barrier Reef";"North Direction Island";2011;3;18;"S140";"09:40";NA;NA;NA;1262;"M";"Sample";84311;45242;45120;45137;44201;43946;52,1236849284198;"Bacteria";"Bacillota";"Clostridia";"Clostridiales"
"26";"ASV_12";"E1_5";0,0838491840180079;"E1_5";"Pomacanthus sexstriatus";"V";"Great Barrier Reef";"North Direction Island";2011;3;18;"S141";"09:40";NA;NA;NA;1262;"M";"Sample";60904;28698;28310;28291;27674;27425;45,0298830947064;"Bacteria";"Desulfobacterota";"Desulfovibrionia";"Desulfovibrionales"
"27";"ASV_12";"E3_5";0,0807881773399015;"E3_5";"Pomacanthus sexstriatus";"V";"Great Barrier Reef";"Tuttle Beach";2011;3;18;"S145";"15:45";NA;NA;NA;308;"M";"Sample";53784;24444;23915;23878;22883;22812;42,4141008478358;"Bacteria";"Desulfobacterota";"Desulfovibrionia";"Desulfovibrionales"
"28";"ASV_9";"611_5";0,0800395256916996;"611_5";"Pomacanthus sexstriatus";"V";"Great Barrier Reef";"Between South Island and Palfrey Island";2014;12;18;"S248";"09:45";210;256;493;391,5;"M";"Sample";30511;15091;14673;14708;13943;13898;45,5507849628003;"Bacteria";"Bacillota";"Clostridia";"Lachnospirales"
"29";"ASV_12";"E05_5";0,0796236483639938;"E05_5";"Pomacanthus sexstriatus";"V";"Great Barrier Reef";"Granite Bluffs";2005;3;22;"S147";"09:00";NA;NA;NA;656;"";"Sample";107092;47810;47106;47221;45847;45378;42,3729130093751;"Bacteria";"Desulfobacterota";"Desulfovibrionia";"Desulfovibrionales"
"30";"ASV_9";"E3_4";0,0737888546625595;"E3_4";"Pomacanthus sexstriatus";"IV";"Great Barrier Reef";"Tuttle Beach";2011;3;18;"S144";"15:45";NA;NA;NA;308;"M";"Sample";38381;7645;7366;7375;7155;7142;18,608165498554;"Bacteria";"Bacillota";"Clostridia";"Lachnospirales"
"31";"ASV_2";"E2_4";0,0734550561797753;"E2_4";"Pomacanthus sexstriatus";"IV";"Great Barrier Reef";"North Direction Island";2011;3;18;"S142";"10:30";NA;NA;NA;575;"F";"Sample";87227;40995;40583;40479;39686;39332;45,0915427562567;"Bacteria";"Bacillota";"Clostridia";"Peptostreptococcales-Tissierellales"
"32";"ASV_4";"E2_5";0,0712266817410967;"E2_5";"Pomacanthus sexstriatus";"V";"Great Barrier Reef";"North Direction Island";2011;3;18;"S143";"10:30";NA;NA;NA;575;"F";"Sample";79090;37948;37479;37517;36730;36657;46,3484637754457;"Bacteria";"Pseudomonadota";"GammaPseudomonadota";"Pseudomonadales"
"33";"ASV_23";"581_5";0,070378301213419;"581_5";"Pomacanthus sexstriatus";"V";"Great Barrier Reef";"Palfrey Island North";2014;12;14;"S247";"16:45";190;235;381,1;308,6;"F";"Sample";35144;17699;17222;17193;16071;15963;45,42169360346;"Bacteria";"Spirochaetota";"Spirochaetia";"Spirochaetales"
"34";"ASV_35";"E1_5";0,0690770962296005;"E1_5";"Pomacanthus sexstriatus";"V";"Great Barrier Reef";"North Direction Island";2011;3;18;"S141";"09:40";NA;NA;NA;1262;"M";"Sample";60904;28698;28310;28291;27674;27425;45,0298830947064;"Bacteria";"Bacillota";"Clostridia";"Oscillospirales"
"35";"ASV_12";"611_5";0,0649350649350649;"611_5";"Pomacanthus sexstriatus";"V";"Great Barrier Reef";"Between South Island and Palfrey Island";2014;12;18;"S248";"09:45";210;256;493;391,5;"M";"Sample";30511;15091;14673;14708;13943;13898;45,5507849628003;"Bacteria";"Desulfobacterota";"Desulfovibrionia";"Desulfovibrionales"
"36";"ASV_4";"E1_4";0,0634720470786045;"E1_4";"Pomacanthus sexstriatus";"IV";"Great Barrier Reef";"North Direction Island";2011;3;18;"S140";"09:40";NA;NA;NA;1262;"M";"Sample";84311;45242;45120;45137;44201;43946;52,1236849284198;"Bacteria";"Pseudomonadota";"GammaPseudomonadota";"Pseudomonadales"
"37";"ASV_14";"E1_4";0,0623511279248984;"E1_4";"Pomacanthus sexstriatus";"IV";"Great Barrier Reef";"North Direction Island";2011;3;18;"S140";"09:40";NA;NA;NA;1262;"M";"Sample";84311;45242;45120;45137;44201;43946;52,1236849284198;"Bacteria";"Pseudomonadota";"GammaPseudomonadota";"Enterobacterales"
"38";"ASV_28";"E2_5";0,0587902769926512;"E2_5";"Pomacanthus sexstriatus";"V";"Great Barrier Reef";"North Direction Island";2011;3;18;"S143";"10:30";NA;NA;NA;575;"F";"Sample";79090;37948;37479;37517;36730;36657;46,3484637754457;"Bacteria";"Bacillota";"Clostridia";"Clostridia vadinBB60 group"
"39";"ASV_16";"E3_4";0,056706804816578;"E3_4";"Pomacanthus sexstriatus";"IV";"Great Barrier Reef";"Tuttle Beach";2011;3;18;"S144";"15:45";NA;NA;NA;308;"M";"Sample";38381;7645;7366;7375;7155;7142;18,608165498554;"Bacteria";"Bacteroidota";"Bacteroidia";"Bacteroidales"
"40";"ASV_35";"568_5";0,0555320050869012;"568_5";"Pomacanthus sexstriatus";"V";"Great Barrier Reef";"Between Bird Islet and South Island";2014;12;12;"S346";"15:30";236;285;654,3;52,5;"M";"Sample";38610;18739;18165;18254;17389;17305;44,8199948199948;"Bacteria";"Bacillota";"Clostridia";"Oscillospirales"
"41";"ASV_28";"568_5";0,0535537657199378;"568_5";"Pomacanthus sexstriatus";"V";"Great Barrier Reef";"Between Bird Islet and South Island";2014;12;12;"S346";"15:30";236;285;654,3;52,5;"M";"Sample";38610;18739;18165;18254;17389;17305;44,8199948199948;"Bacteria";"Bacillota";"Clostridia";"Clostridia vadinBB60 group"
"42";"ASV_12";"568_5";0,0514342235410485;"568_5";"Pomacanthus sexstriatus";"V";"Great Barrier Reef";"Between Bird Islet and South Island";2014;12;12;"S346";"15:30";236;285;654,3;52,5;"M";"Sample";38610;18739;18165;18254;17389;17305;44,8199948199948;"Bacteria";"Desulfobacterota";"Desulfovibrionia";"Desulfovibrionales"
"43";"ASV_1";"E2_4";0,0492977528089888;"E2_4";"Pomacanthus sexstriatus";"IV";"Great Barrier Reef";"North Direction Island";2011;3;18;"S142";"10:30";NA;NA;NA;575;"F";"Sample";87227;40995;40583;40479;39686;39332;45,0915427562567;"Bacteria";"Bacteroidota";"Bacteroidia";"Cytophagales"
"44";"ASV_35";"E3_5";0,0481351161154117;"E3_5";"Pomacanthus sexstriatus";"V";"Great Barrier Reef";"Tuttle Beach";2011;3;18;"S145";"15:45";NA;NA;NA;308;"M";"Sample";53784;24444;23915;23878;22883;22812;42,4141008478358;"Bacteria";"Bacillota";"Clostridia";"Oscillospirales"
"45";"ASV_12";"E2_4";0,0474719101123596;"E2_4";"Pomacanthus sexstriatus";"IV";"Great Barrier Reef";"North Direction Island";2011;3;18;"S142";"10:30";NA;NA;NA;575;"F";"Sample";87227;40995;40583;40479;39686;39332;45,0915427562567;"Bacteria";"Desulfobacterota";"Desulfovibrionia";"Desulfovibrionales"
"46";"ASV_35";"E05_5";0,0443757899171465;"E05_5";"Pomacanthus sexstriatus";"V";"Great Barrier Reef";"Granite Bluffs";2005;3;22;"S147";"09:00";NA;NA;NA;656;"";"Sample";107092;47810;47106;47221;45847;45378;42,3729130093751;"Bacteria";"Bacillota";"Clostridia";"Oscillospirales"
"47";"ASV_35";"611_5";0,0430547713156409;"611_5";"Pomacanthus sexstriatus";"V";"Great Barrier Reef";"Between South Island and Palfrey Island";2014;12;18;"S248";"09:45";210;256;493;391,5;"M";"Sample";30511;15091;14673;14708;13943;13898;45,5507849628003;"Bacteria";"Bacillota";"Clostridia";"Oscillospirales"
"48";"ASV_9";"E1_4";0,04175423847555;"E1_4";"Pomacanthus sexstriatus";"IV";"Great Barrier Reef";"North Direction Island";2011;3;18;"S140";"09:40";NA;NA;NA;1262;"M";"Sample";84311;45242;45120;45137;44201;43946;52,1236849284198;"Bacteria";"Bacillota";"Clostridia";"Lachnospirales"
"49";"ASV_28";"611_5";0,0412196499153021;"611_5";"Pomacanthus sexstriatus";"V";"Great Barrier Reef";"Between South Island and Palfrey Island";2014;12;18;"S248";"09:45";210;256;493;391,5;"M";"Sample";30511;15091;14673;14708;13943;13898;45,5507849628003;"Bacteria";"Bacillota";"Clostridia";"Clostridia vadinBB60 group"
"50";"ASV_1";"E05_5";0,0398820390394607;"E05_5";"Pomacanthus sexstriatus";"V";"Great Barrier Reef";"Granite Bluffs";2005;3;22;"S147";"09:00";NA;NA;NA;656;"";"Sample";107092;47810;47106;47221;45847;45378;42,3729130093751;"Bacteria";"Bacteroidota";"Bacteroidia";"Cytophagales"
"51";"ASV_1";"E1_5";0,0398142937535172;"E1_5";"Pomacanthus sexstriatus";"V";"Great Barrier Reef";"North Direction Island";2011;3;18;"S141";"09:40";NA;NA;NA;1262;"M";"Sample";60904;28698;28310;28291;27674;27425;45,0298830947064;"Bacteria";"Bacteroidota";"Bacteroidia";"Cytophagales"
"52";"ASV_35";"E2_4";0,0393258426966292;"E2_4";"Pomacanthus sexstriatus";"IV";"Great Barrier Reef";"North Direction Island";2011;3;18;"S142";"10:30";NA;NA;NA;575;"F";"Sample";87227;40995;40583;40479;39686;39332;45,0915427562567;"Bacteria";"Bacillota";"Clostridia";"Oscillospirales"
"53";"ASV_35";"581_5";0,0371163454675232;"581_5";"Pomacanthus sexstriatus";"V";"Great Barrier Reef";"Palfrey Island North";2014;12;14;"S247";"16:45";190;235;381,1;308,6;"F";"Sample";35144;17699;17222;17193;16071;15963;45,42169360346;"Bacteria";"Bacillota";"Clostridia";"Oscillospirales"
"54";"ASV_23";"E3_5";0,0370161857846587;"E3_5";"Pomacanthus sexstriatus";"V";"Great Barrier Reef";"Tuttle Beach";2011;3;18;"S145";"15:45";NA;NA;NA;308;"M";"Sample";53784;24444;23915;23878;22883;22812;42,4141008478358;"Bacteria";"Spirochaetota";"Spirochaetia";"Spirochaetales"
"55";"ASV_35";"E2_5";0,036743923120407;"E2_5";"Pomacanthus sexstriatus";"V";"Great Barrier Reef";"North Direction Island";2011;3;18;"S143";"10:30";NA;NA;NA;575;"F";"Sample";79090;37948;37479;37517;36730;36657;46,3484637754457;"Bacteria";"Bacillota";"Clostridia";"Oscillospirales"
"56";"ASV_28";"E3_5";0,0351864883884588;"E3_5";"Pomacanthus sexstriatus";"V";"Great Barrier Reef";"Tuttle Beach";2011;3;18;"S145";"15:45";NA;NA;NA;308;"M";"Sample";53784;24444;23915;23878;22883;22812;42,4141008478358;"Bacteria";"Bacillota";"Clostridia";"Clostridia vadinBB60 group"
"57";"ASV_28";"581_5";0,0349750178443969;"581_5";"Pomacanthus sexstriatus";"V";"Great Barrier Reef";"Palfrey Island North";2014;12;14;"S247";"16:45";190;235;381,1;308,6;"F";"Sample";35144;17699;17222;17193;16071;15963;45,42169360346;"Bacteria";"Bacillota";"Clostridia";"Clostridia vadinBB60 group"
"58";"ASV_1";"568_5";0,0349017945457115;"568_5";"Pomacanthus sexstriatus";"V";"Great Barrier Reef";"Between Bird Islet and South Island";2014;12;12;"S346";"15:30";236;285;654,3;52,5;"M";"Sample";38610;18739;18165;18254;17389;17305;44,8199948199948;"Bacteria";"Bacteroidota";"Bacteroidia";"Cytophagales"
"59";"ASV_23";"E05_5";0,0330009830080045;"E05_5";"Pomacanthus sexstriatus";"V";"Great Barrier Reef";"Granite Bluffs";2005;3;22;"S147";"09:00";NA;NA;NA;656;"";"Sample";107092;47810;47106;47221;45847;45378;42,3729130093751;"Bacteria";"Spirochaetota";"Spirochaetia";"Spirochaetales"
"60";"ASV_17";"E05_5";0,0325796938632215;"E05_5";"Pomacanthus sexstriatus";"V";"Great Barrier Reef";"Granite Bluffs";2005;3;22;"S147";"09:00";NA;NA;NA;656;"";"Sample";107092;47810;47106;47221;45847;45378;42,3729130093751;"Bacteria";"Verrucomicrobiota";"Lentisphaeria";"P.palmC41"
"61";"ASV_26";"E2_5";0,032504239683437;"E2_5";"Pomacanthus sexstriatus";"V";"Great Barrier Reef";"North Direction Island";2011;3;18;"S143";"10:30";NA;NA;NA;575;"F";"Sample";79090;37948;37479;37517;36730;36657;46,3484637754457;"Bacteria";"Verrucomicrobiota";"Kiritimatiellae";"WCHB1-41"
"62";"ASV_23";"568_5";0,0323583439310442;"568_5";"Pomacanthus sexstriatus";"V";"Great Barrier Reef";"Between Bird Islet and South Island";2014;12;12;"S346";"15:30";236;285;654,3;52,5;"M";"Sample";38610;18739;18165;18254;17389;17305;44,8199948199948;"Bacteria";"Spirochaetota";"Spirochaetia";"Spirochaetales"
"63";"ASV_35";"E3_4";0,0310837300476057;"E3_4";"Pomacanthus sexstriatus";"IV";"Great Barrier Reef";"Tuttle Beach";2011;3;18;"S144";"15:45";NA;NA;NA;308;"M";"Sample";38381;7645;7366;7375;7155;7142;18,608165498554;"Bacteria";"Bacillota";"Clostridia";"Oscillospirales"
"64";"ASV_17";"E2_5";0,0288298473713963;"E2_5";"Pomacanthus sexstriatus";"V";"Great Barrier Reef";"North Direction Island";2011;3;18;"S143";"10:30";NA;NA;NA;575;"F";"Sample";79090;37948;37479;37517;36730;36657;46,3484637754457;"Bacteria";"Verrucomicrobiota";"Lentisphaeria";"P.palmC41"
"65";"ASV_14";"568_4";0,0284194316113678;"568_4";"Pomacanthus sexstriatus";"IV";"Great Barrier Reef";"South Island South";2014;12;12;"S246";"15:30";236;285;654,3;52,5;"M";"Sample";52502;25983;25713;25724;24787;24522;46,7067921222049;"Bacteria";"Pseudomonadota";"GammaPseudomonadota";"Enterobacterales"
"66";"ASV_17";"581_5";0,0278372591006424;"581_5";"Pomacanthus sexstriatus";"V";"Great Barrier Reef";"Palfrey Island North";2014;12;14;"S247";"16:45";190;235;381,1;308,6;"F";"Sample";35144;17699;17222;17193;16071;15963;45,42169360346;"Bacteria";"Verrucomicrobiota";"Lentisphaeria";"P.palmC41"
"67";"ASV_2";"568_5";0,02656492864208;"568_5";"Pomacanthus sexstriatus";"V";"Great Barrier Reef";"Between Bird Islet and South Island";2014;12;12;"S346";"15:30";236;285;654,3;52,5;"M";"Sample";38610;18739;18165;18254;17389;17305;44,8199948199948;"Bacteria";"Bacillota";"Clostridia";"Peptostreptococcales-Tissierellales"
"68";"ASV_171";"581_5";0,025553176302641;"581_5";"Pomacanthus sexstriatus";"V";"Great Barrier Reef";"Palfrey Island North";2014;12;14;"S247";"16:45";190;235;381,1;308,6;"F";"Sample";35144;17699;17222;17193;16071;15963;45,42169360346;"Bacteria";"Cyanobacteria";"Vampirivibrionia";"Gastranaerophilales"
"69";"ASV_11";"E2_4";0,0252808988764045;"E2_4";"Pomacanthus sexstriatus";"IV";"Great Barrier Reef";"North Direction Island";2011;3;18;"S142";"10:30";NA;NA;NA;575;"F";"Sample";87227;40995;40583;40479;39686;39332;45,0915427562567;"Bacteria";"Bacillota";"Clostridia";"Clostridiales"
"70";"ASV_27";"581_5";0,0241256245538901;"581_5";"Pomacanthus sexstriatus";"V";"Great Barrier Reef";"Palfrey Island North";2014;12;14;"S247";"16:45";190;235;381,1;308,6;"F";"Sample";35144;17699;17222;17193;16071;15963;45,42169360346;"Bacteria";"Verrucomicrobiota";"Lentisphaeria";"Victivallales"
"71";"ASV_23";"611_5";0,0239977413890457;"611_5";"Pomacanthus sexstriatus";"V";"Great Barrier Reef";"Between South Island and Palfrey Island";2014;12;18;"S248";"09:45";210;256;493;391,5;"M";"Sample";30511;15091;14673;14708;13943;13898;45,5507849628003;"Bacteria";"Spirochaetota";"Spirochaetia";"Spirochaetales"
"72";"ASV_2";"568_4";0,0237995240095198;"568_4";"Pomacanthus sexstriatus";"IV";"Great Barrier Reef";"South Island South";2014;12;12;"S246";"15:30";236;285;654,3;52,5;"M";"Sample";52502;25983;25713;25724;24787;24522;46,7067921222049;"Bacteria";"Bacillota";"Clostridia";"Peptostreptococcales-Tissierellales"
"73";"ASV_9";"568_5";0,0235975695916349;"568_5";"Pomacanthus sexstriatus";"V";"Great Barrier Reef";"Between Bird Islet and South Island";2014;12;12;"S346";"15:30";236;285;654,3;52,5;"M";"Sample";38610;18739;18165;18254;17389;17305;44,8199948199948;"Bacteria";"Bacillota";"Clostridia";"Lachnospirales"
"74";"ASV_1";"581_5";0,0234118486795146;"581_5";"Pomacanthus sexstriatus";"V";"Great Barrier Reef";"Palfrey Island North";2014;12;14;"S247";"16:45";190;235;381,1;308,6;"F";"Sample";35144;17699;17222;17193;16071;15963;45,42169360346;"Bacteria";"Bacteroidota";"Bacteroidia";"Cytophagales"
"75";"ASV_2";"E1_5";0,0230725942599887;"E1_5";"Pomacanthus sexstriatus";"V";"Great Barrier Reef";"North Direction Island";2011;3;18;"S141";"09:40";NA;NA;NA;1262;"M";"Sample";60904;28698;28310;28291;27674;27425;45,0298830947064;"Bacteria";"Bacillota";"Clostridia";"Peptostreptococcales-Tissierellales"
"76";"ASV_171";"E2_5";0,0224703222159412;"E2_5";"Pomacanthus sexstriatus";"V";"Great Barrier Reef";"North Direction Island";2011;3;18;"S143";"10:30";NA;NA;NA;575;"F";"Sample";79090;37948;37479;37517;36730;36657;46,3484637754457;"Bacteria";"Cyanobacteria";"Vampirivibrionia";"Gastranaerophilales"
"77";"ASV_14";"611_5";0,0221626199887069;"611_5";"Pomacanthus sexstriatus";"V";"Great Barrier Reef";"Between South Island and Palfrey Island";2014;12;18;"S248";"09:45";210;256;493;391,5;"M";"Sample";30511;15091;14673;14708;13943;13898;45,5507849628003;"Bacteria";"Pseudomonadota";"GammaPseudomonadota";"Enterobacterales"
"78";"ASV_35";"568_4";0,0218395632087358;"568_4";"Pomacanthus sexstriatus";"IV";"Great Barrier Reef";"South Island South";2014;12;12;"S246";"15:30";236;285;654,3;52,5;"M";"Sample";52502;25983;25713;25724;24787;24522;46,7067921222049;"Bacteria";"Bacillota";"Clostridia";"Oscillospirales"
"79";"ASV_9";"568_4";0,0218395632087358;"568_4";"Pomacanthus sexstriatus";"IV";"Great Barrier Reef";"South Island South";2014;12;12;"S246";"15:30";236;285;654,3;52,5;"M";"Sample";52502;25983;25713;25724;24787;24522;46,7067921222049;"Bacteria";"Bacillota";"Clostridia";"Lachnospirales"
"80";"ASV_27";"E2_5";0,0217637083097795;"E2_5";"Pomacanthus sexstriatus";"V";"Great Barrier Reef";"North Direction Island";2011;3;18;"S143";"10:30";NA;NA;NA;575;"F";"Sample";79090;37948;37479;37517;36730;36657;46,3484637754457;"Bacteria";"Verrucomicrobiota";"Lentisphaeria";"Victivallales"
"81";"ASV_14";"E1_5";0,020962296004502;"E1_5";"Pomacanthus sexstriatus";"V";"Great Barrier Reef";"North Direction Island";2011;3;18;"S141";"09:40";NA;NA;NA;1262;"M";"Sample";60904;28698;28310;28291;27674;27425;45,0298830947064;"Bacteria";"Pseudomonadota";"GammaPseudomonadota";"Enterobacterales"
"82";"ASV_9";"E1_5";0,020962296004502;"E1_5";"Pomacanthus sexstriatus";"V";"Great Barrier Reef";"North Direction Island";2011;3;18;"S141";"09:40";NA;NA;NA;1262;"M";"Sample";60904;28698;28310;28291;27674;27425;45,0298830947064;"Bacteria";"Bacillota";"Clostridia";"Lachnospirales"
"83";"ASV_89";"E3_5";0,0199859254046446;"E3_5";"Pomacanthus sexstriatus";"V";"Great Barrier Reef";"Tuttle Beach";2011;3;18;"S145";"15:45";NA;NA;NA;308;"M";"Sample";53784;24444;23915;23878;22883;22812;42,4141008478358;"Bacteria";"Verrucomicrobiota";"Verrucomicrobiae";"Verrucomicrobiales"
"84";"ASV_27";"E05_5";0,0185367223704536;"E05_5";"Pomacanthus sexstriatus";"V";"Great Barrier Reef";"Granite Bluffs";2005;3;22;"S147";"09:00";NA;NA;NA;656;"";"Sample";107092;47810;47106;47221;45847;45378;42,3729130093751;"Bacteria";"Verrucomicrobiota";"Lentisphaeria";"Victivallales"
"85";"ASV_27";"568_5";0,0185106683623004;"568_5";"Pomacanthus sexstriatus";"V";"Great Barrier Reef";"Between Bird Islet and South Island";2014;12;12;"S346";"15:30";236;285;654,3;52,5;"M";"Sample";38610;18739;18165;18254;17389;17305;44,8199948199948;"Bacteria";"Verrucomicrobiota";"Lentisphaeria";"Victivallales"
"86";"ASV_171";"568_5";0,0183693655503745;"568_5";"Pomacanthus sexstriatus";"V";"Great Barrier Reef";"Between Bird Islet and South Island";2014;12;12;"S346";"15:30";236;285;654,3;52,5;"M";"Sample";38610;18739;18165;18254;17389;17305;44,8199948199948;"Bacteria";"Cyanobacteria";"Vampirivibrionia";"Gastranaerophilales"
"87";"ASV_26";"E1_5";0,0181485649971863;"E1_5";"Pomacanthus sexstriatus";"V";"Great Barrier Reef";"North Direction Island";2011;3;18;"S141";"09:40";NA;NA;NA;1262;"M";"Sample";60904;28698;28310;28291;27674;27425;45,0298830947064;"Bacteria";"Verrucomicrobiota";"Kiritimatiellae";"WCHB1-41"
"88";"ASV_2";"E3_5";0,0180154820548909;"E3_5";"Pomacanthus sexstriatus";"V";"Great Barrier Reef";"Tuttle Beach";2011;3;18;"S145";"15:45";NA;NA;NA;308;"M";"Sample";53784;24444;23915;23878;22883;22812;42,4141008478358;"Bacteria";"Bacillota";"Clostridia";"Peptostreptococcales-Tissierellales"
"89";"ASV_2";"E2_5";0,0179479932165065;"E2_5";"Pomacanthus sexstriatus";"V";"Great Barrier Reef";"North Direction Island";2011;3;18;"S143";"10:30";NA;NA;NA;575;"F";"Sample";79090;37948;37479;37517;36730;36657;46,3484637754457;"Bacteria";"Bacillota";"Clostridia";"Peptostreptococcales-Tissierellales"
"90";"ASV_14";"E2_4";0,0178370786516854;"E2_4";"Pomacanthus sexstriatus";"IV";"Great Barrier Reef";"North Direction Island";2011;3;18;"S142";"10:30";NA;NA;NA;575;"F";"Sample";87227;40995;40583;40479;39686;39332;45,0915427562567;"Bacteria";"Pseudomonadota";"GammaPseudomonadota";"Enterobacterales"
"91";"ASV_28";"E1_5";0,0175858187957231;"E1_5";"Pomacanthus sexstriatus";"V";"Great Barrier Reef";"North Direction Island";2011;3;18;"S141";"09:40";NA;NA;NA;1262;"M";"Sample";60904;28698;28310;28291;27674;27425;45,0298830947064;"Bacteria";"Bacillota";"Clostridia";"Clostridia vadinBB60 group"
"92";"ASV_9";"581_5";0,0174161313347609;"581_5";"Pomacanthus sexstriatus";"V";"Great Barrier Reef";"Palfrey Island North";2014;12;14;"S247";"16:45";190;235;381,1;308,6;"F";"Sample";35144;17699;17222;17193;16071;15963;45,42169360346;"Bacteria";"Bacillota";"Clostridia";"Lachnospirales"
"93";"ASV_17";"611_5";0,0173630717108978;"611_5";"Pomacanthus sexstriatus";"V";"Great Barrier Reef";"Between South Island and Palfrey Island";2014;12;18;"S248";"09:45";210;256;493;391,5;"M";"Sample";30511;15091;14673;14708;13943;13898;45,5507849628003;"Bacteria";"Verrucomicrobiota";"Lentisphaeria";"P.palmC41"
"94";"ASV_12";"E3_4";0,017362083450014;"E3_4";"Pomacanthus sexstriatus";"IV";"Great Barrier Reef";"Tuttle Beach";2011;3;18;"S144";"15:45";NA;NA;NA;308;"M";"Sample";38381;7645;7366;7375;7155;7142;18,608165498554;"Bacteria";"Desulfobacterota";"Desulfovibrionia";"Desulfovibrionales"
"95";"ASV_14";"E3_4";0,017362083450014;"E3_4";"Pomacanthus sexstriatus";"IV";"Great Barrier Reef";"Tuttle Beach";2011;3;18;"S144";"15:45";NA;NA;NA;308;"M";"Sample";38381;7645;7366;7375;7155;7142;18,608165498554;"Bacteria";"Pseudomonadota";"GammaPseudomonadota";"Enterobacterales"
"96";"ASV_26";"611_5";0,0166572557876906;"611_5";"Pomacanthus sexstriatus";"V";"Great Barrier Reef";"Between South Island and Palfrey Island";2014;12;18;"S248";"09:45";210;256;493;391,5;"M";"Sample";30511;15091;14673;14708;13943;13898;45,5507849628003;"Bacteria";"Verrucomicrobiota";"Kiritimatiellae";"WCHB1-41"
"97";"ASV_9";"E3_5";0,0164672765657987;"E3_5";"Pomacanthus sexstriatus";"V";"Great Barrier Reef";"Tuttle Beach";2011;3;18;"S145";"15:45";NA;NA;NA;308;"M";"Sample";53784;24444;23915;23878;22883;22812;42,4141008478358;"Bacteria";"Bacillota";"Clostridia";"Lachnospirales"
"98";"ASV_23";"E1_5";0,0161789532920653;"E1_5";"Pomacanthus sexstriatus";"V";"Great Barrier Reef";"North Direction Island";2011;3;18;"S141";"09:40";NA;NA;NA;1262;"M";"Sample";60904;28698;28310;28291;27674;27425;45,0298830947064;"Bacteria";"Spirochaetota";"Spirochaetia";"Spirochaetales"
"99";"ASV_2";"E05_5";0,0160089875017554;"E05_5";"Pomacanthus sexstriatus";"V";"Great Barrier Reef";"Granite Bluffs";2005;3;22;"S147";"09:00";NA;NA;NA;656;"";"Sample";107092;47810;47106;47221;45847;45378;42,3729130093751;"Bacteria";"Bacillota";"Clostridia";"Peptostreptococcales-Tissierellales"
"100";"ASV_14";"568_5";0,0158259149357072;"568_5";"Pomacanthus sexstriatus";"V";"Great Barrier Reef";"Between Bird Islet and South Island";2014;12;12;"S346";"15:30";236;285;654,3;52,5;"M";"Sample";38610;18739;18165;18254;17389;17305;44,8199948199948;"Bacteria";"Pseudomonadota";"GammaPseudomonadota";"Enterobacterales"
"101";"ASV_148";"E3_4";0,0156818818258191;"E3_4";"Pomacanthus sexstriatus";"IV";"Great Barrier Reef";"Tuttle Beach";2011;3;18;"S144";"15:45";NA;NA;NA;308;"M";"Sample";38381;7645;7366;7375;7155;7142;18,608165498554;"Bacteria";"Fibrobacterota";"Fibrobacteria";"Fibrobacterales"
"102";"ASV_153";"E2_4";0,0155898876404494;"E2_4";"Pomacanthus sexstriatus";"IV";"Great Barrier Reef";"North Direction Island";2011;3;18;"S142";"10:30";NA;NA;NA;575;"F";"Sample";87227;40995;40583;40479;39686;39332;45,0915427562567;"Bacteria";"Bacillota";"Clostridia";"Christensenellales"
"103";"ASV_28";"E05_5";0,0146046903524786;"E05_5";"Pomacanthus sexstriatus";"V";"Great Barrier Reef";"Granite Bluffs";2005;3;22;"S147";"09:00";NA;NA;NA;656;"";"Sample";107092;47810;47106;47221;45847;45378;42,3729130093751;"Bacteria";"Bacillota";"Clostridia";"Clostridia vadinBB60 group"
"104";"ASV_17";"568_5";0,0139889783806698;"568_5";"Pomacanthus sexstriatus";"V";"Great Barrier Reef";"Between Bird Islet and South Island";2014;12;12;"S346";"15:30";236;285;654,3;52,5;"M";"Sample";38610;18739;18165;18254;17389;17305;44,8199948199948;"Bacteria";"Verrucomicrobiota";"Lentisphaeria";"P.palmC41"
"105";"ASV_27";"611_5";0,0139751552795031;"611_5";"Pomacanthus sexstriatus";"V";"Great Barrier Reef";"Between South Island and Palfrey Island";2014;12;18;"S248";"09:45";210;256;493;391,5;"M";"Sample";30511;15091;14673;14708;13943;13898;45,5507849628003;"Bacteria";"Verrucomicrobiota";"Lentisphaeria";"Victivallales"
"106";"ASV_242";"568_5";0,0138476755687438;"568_5";"Pomacanthus sexstriatus";"V";"Great Barrier Reef";"Between Bird Islet and South Island";2014;12;12;"S346";"15:30";236;285;654,3;52,5;"M";"Sample";38610;18739;18165;18254;17389;17305;44,8199948199948;"Bacteria";"Verrucomicrobiota";"Verrucomicrobiae";"Opitutales"
"107";"ASV_171";"E05_5";0,0137621120629125;"E05_5";"Pomacanthus sexstriatus";"V";"Great Barrier Reef";"Granite Bluffs";2005;3;22;"S147";"09:00";NA;NA;NA;656;"";"Sample";107092;47810;47106;47221;45847;45378;42,3729130093751;"Bacteria";"Cyanobacteria";"Vampirivibrionia";"Gastranaerophilales"
"108";"ASV_1";"E2_5";0,0132843414358395;"E2_5";"Pomacanthus sexstriatus";"V";"Great Barrier Reef";"North Direction Island";2011;3;18;"S143";"10:30";NA;NA;NA;575;"F";"Sample";79090;37948;37479;37517;36730;36657;46,3484637754457;"Bacteria";"Bacteroidota";"Bacteroidia";"Cytophagales"
"109";"ASV_17";"E3_5";0,0132301196340605;"E3_5";"Pomacanthus sexstriatus";"V";"Great Barrier Reef";"Tuttle Beach";2011;3;18;"S145";"15:45";NA;NA;NA;308;"M";"Sample";53784;24444;23915;23878;22883;22812;42,4141008478358;"Bacteria";"Verrucomicrobiota";"Lentisphaeria";"P.palmC41"
"110";"ASV_2";"E3_4";0,0128815457854943;"E3_4";"Pomacanthus sexstriatus";"IV";"Great Barrier Reef";"Tuttle Beach";2011;3;18;"S144";"15:45";NA;NA;NA;308;"M";"Sample";38381;7645;7366;7375;7155;7142;18,608165498554;"Bacteria";"Bacillota";"Clostridia";"Peptostreptococcales-Tissierellales"
"111";"ASV_27";"E3_5";0,0126671358198452;"E3_5";"Pomacanthus sexstriatus";"V";"Great Barrier Reef";"Tuttle Beach";2011;3;18;"S145";"15:45";NA;NA;NA;308;"M";"Sample";53784;24444;23915;23878;22883;22812;42,4141008478358;"Bacteria";"Verrucomicrobiota";"Lentisphaeria";"Victivallales"
"112";"ASV_171";"E3_5";0,0123856439127375;"E3_5";"Pomacanthus sexstriatus";"V";"Great Barrier Reef";"Tuttle Beach";2011;3;18;"S145";"15:45";NA;NA;NA;308;"M";"Sample";53784;24444;23915;23878;22883;22812;42,4141008478358;"Bacteria";"Cyanobacteria";"Vampirivibrionia";"Gastranaerophilales"
"113";"ASV_17";"E1_5";0,0122397298818233;"E1_5";"Pomacanthus sexstriatus";"V";"Great Barrier Reef";"North Direction Island";2011;3;18;"S141";"09:40";NA;NA;NA;1262;"M";"Sample";60904;28698;28310;28291;27674;27425;45,0298830947064;"Bacteria";"Verrucomicrobiota";"Lentisphaeria";"P.palmC41"
"114";"ASV_89";"568_5";0,0118694362017804;"568_5";"Pomacanthus sexstriatus";"V";"Great Barrier Reef";"Between Bird Islet and South Island";2014;12;12;"S346";"15:30";236;285;654,3;52,5;"M";"Sample";38610;18739;18165;18254;17389;17305;44,8199948199948;"Bacteria";"Verrucomicrobiota";"Verrucomicrobiae";"Verrucomicrobiales"
"115";"ASV_2";"581_5";0,0115631691648822;"581_5";"Pomacanthus sexstriatus";"V";"Great Barrier Reef";"Palfrey Island North";2014;12;14;"S247";"16:45";190;235;381,1;308,6;"F";"Sample";35144;17699;17222;17193;16071;15963;45,42169360346;"Bacteria";"Bacillota";"Clostridia";"Peptostreptococcales-Tissierellales"
"116";"ASV_102";"E2_5";0,0100339174674958;"E2_5";"Pomacanthus sexstriatus";"V";"Great Barrier Reef";"North Direction Island";2011;3;18;"S143";"10:30";NA;NA;NA;575;"F";"Sample";79090;37948;37479;37517;36730;36657;46,3484637754457;"Bacteria";"Desulfobacterota";"Desulfobacteria";"Desulfobacterales"
